<?xml version="1.0" encoding="utf-8"?>
<edmx:Edmx Version="1.0" xmlns:edmx="http://schemas.microsoft.com/ado/2007/06/edmx" xmlns:m="http://schemas.microsoft.com/ado/2007/08/dataservices/metadata" xmlns:sap="http://www.sap.com/Protocols/SAPData">
    <edmx:DataServices m:DataServiceVersion="2.0">
        <Schema Namespace="ZEC_SDG010_SRV" xml:lang="en" sap:schema-version="1" xmlns="http://schemas.microsoft.com/ado/2008/09/edm">
            <EntityType Name="Product" sap:content-version="1">
                <Key>
                    <PropertyRef Name="Matnr"/>
                </Key>
                <Property Name="Matnr" Type="Edm.String" Nullable="false" MaxLength="5" sap:unicode="false" sap:label="자재코드" sap:creatable="false" sap:updatable="false" sap:sortable="false" sap:filterable="false"/>
                <Property Name="Maktx" Type="Edm.String" Nullable="false" MaxLength="40" sap:unicode="false" sap:label="Description" sap:creatable="false" sap:updatable="false" sap:sortable="false" sap:filterable="false"/>
            </EntityType>
            <EntityType Name="Order" sap:content-version="1">
                <Key>
                    <PropertyRef Name="Vbeln"/>
                </Key>
                <Property Name="Vbeln" Type="Edm.String" Nullable="false" MaxLength="10" sap:unicode="false" sap:label="판매오더번호" sap:creatable="false" sap:updatable="false" sap:sortable="false" sap:filterable="false"/>
                <Property Name="Kunnr" Type="Edm.String" Nullable="false" MaxLength="10" sap:unicode="false" sap:label="고객코드" sap:creatable="false" sap:updatable="false" sap:sortable="false" sap:filterable="false"/>
                <Property Name="Subcmon" Type="Edm.String" Nullable="false" MaxLength="2" sap:unicode="false" sap:label="구독 개월 수(M)" sap:creatable="false" sap:updatable="false" sap:sortable="false" sap:filterable="false"/>
                <Property Name="Ordate" Type="Edm.String" MaxLength="10" sap:unicode="false" sap:label="주문일자" sap:creatable="false" sap:updatable="false" sap:sortable="false" sap:filterable="false"/>
                <Property Name="Scdate" Type="Edm.String" MaxLength="10" sap:unicode="false" sap:label="구독종료일자" sap:creatable="false" sap:updatable="false" sap:sortable="false" sap:filterable="false"/>
                <Property Name="Amount" Type="Edm.Decimal" Nullable="false" Precision="24" Scale="3" sap:unicode="false" sap:unit="Waers" sap:label="총 주문결제금액" sap:creatable="false" sap:updatable="false" sap:sortable="false" sap:filterable="false"/>
                <Property Name="Waers" Type="Edm.String" Nullable="false" MaxLength="5" sap:unicode="false" sap:label="통화코드" sap:creatable="false" sap:updatable="false" sap:sortable="false" sap:filterable="false" sap:semantics="currency-code"/>
                <Property Name="Pridat" Type="Edm.DateTime" Precision="7" sap:unicode="false" sap:label="결제일자" sap:creatable="false" sap:updatable="false" sap:sortable="false" sap:filterable="false"/>
                <Property Name="Ereldat" Type="Edm.DateTime" Precision="7" sap:unicode="false" sap:label="마지막 출고예정일자" sap:creatable="false" sap:updatable="false" sap:sortable="false" sap:filterable="false"/>
                <Property Name="Abc" Type="Edm.String" Nullable="false" MaxLength="1" sap:unicode="false" sap:label="오더 상태" sap:creatable="false" sap:updatable="false" sap:sortable="false" sap:filterable="false"/>
                <Property Name="Erdat" Type="Edm.DateTime" Precision="7" sap:unicode="false" sap:label="생성일" sap:creatable="false" sap:updatable="false" sap:sortable="false" sap:filterable="false"/>
                <Property Name="Erzet" Type="Edm.Time" Nullable="false" Precision="0" sap:unicode="false" sap:label="생성시간" sap:creatable="false" sap:updatable="false" sap:sortable="false" sap:filterable="false"/>
                <Property Name="Ernam" Type="Edm.String" Nullable="false" MaxLength="12" sap:unicode="false" sap:label="생성자" sap:creatable="false" sap:updatable="false" sap:sortable="false" sap:filterable="false"/>
                <Property Name="Aedat" Type="Edm.DateTime" Precision="7" sap:unicode="false" sap:label="수정일" sap:creatable="false" sap:updatable="false" sap:sortable="false" sap:filterable="false"/>
                <Property Name="Aezet" Type="Edm.Time" Nullable="false" Precision="0" sap:unicode="false" sap:label="수정시간" sap:creatable="false" sap:updatable="false" sap:sortable="false" sap:filterable="false"/>
                <Property Name="Aenam" Type="Edm.String" Nullable="false" MaxLength="12" sap:unicode="false" sap:label="수정자" sap:creatable="false" sap:updatable="false" sap:sortable="false" sap:filterable="false"/>
                <NavigationProperty Name="toConnection" Relationship="ZEC_SDG010_SRV.Asso_oder" FromRole="FromRole_Asso_oder" ToRole="ToRole_Asso_oder"/>
                <NavigationProperty Name="toName" Relationship="ZEC_SDG010_SRV.Asso_Order_Name" FromRole="ToRole_Asso_Order_Name" ToRole="FromRole_Asso_Order_Name"/>
            </EntityType>
            <EntityType Name="Order_item" sap:content-version="1">
                <Key>
                    <PropertyRef Name="Vbeln"/>
                    <PropertyRef Name="Invnr"/>
                </Key>
                <Property Name="Vbeln" Type="Edm.String" Nullable="false" MaxLength="10" sap:unicode="false" sap:label="판매오더번호" sap:creatable="false" sap:updatable="false" sap:sortable="false" sap:filterable="false"/>
                <Property Name="Invnr" Type="Edm.String" Nullable="false" MaxLength="2" sap:unicode="false" sap:label="행번호" sap:creatable="false" sap:updatable="false" sap:sortable="false" sap:filterable="false"/>
                <Property Name="Matnr" Type="Edm.String" Nullable="false" MaxLength="5" sap:unicode="false" sap:label="자재코드" sap:creatable="false" sap:updatable="false" sap:sortable="false" sap:filterable="false"/>
                <Property Name="Netpr" Type="Edm.Decimal" Nullable="false" Precision="12" Scale="3" sap:unicode="false" sap:unit="Waers" sap:label="판매 상품 금액" sap:creatable="false" sap:updatable="false" sap:sortable="false" sap:filterable="false"/>
                <Property Name="Waers" Type="Edm.String" Nullable="false" MaxLength="5" sap:unicode="false" sap:label="통화코드" sap:creatable="false" sap:updatable="false" sap:sortable="false" sap:filterable="false" sap:semantics="currency-code"/>
                <Property Name="Menge" Type="Edm.Decimal" Nullable="false" Precision="13" Scale="3" sap:unicode="false" sap:unit="Meins" sap:label="수량" sap:creatable="false" sap:updatable="false" sap:sortable="false" sap:filterable="false"/>
                <Property Name="Meins" Type="Edm.String" Nullable="false" MaxLength="3" sap:unicode="false" sap:label="단위" sap:creatable="false" sap:updatable="false" sap:sortable="false" sap:filterable="false" sap:semantics="unit-of-measure"/>
                <Property Name="Amount" Type="Edm.Decimal" Nullable="false" Precision="24" Scale="3" sap:unicode="false" sap:unit="Waers" sap:label="총 상품 금액" sap:creatable="false" sap:updatable="false" sap:sortable="false" sap:filterable="false"/>
                <Property Name="Sreldat" Type="Edm.String" Nullable="false" MaxLength="10" sap:unicode="false" sap:label="출고 예정 날짜" sap:creatable="false" sap:updatable="false" sap:sortable="false" sap:filterable="false"/>
                <Property Name="Sdeldat" Type="Edm.String" Nullable="false" MaxLength="10" sap:unicode="false" sap:label="배송 예정 날짜" sap:creatable="false" sap:updatable="false" sap:sortable="false" sap:filterable="false"/>
                <Property Name="Def" Type="Edm.String" Nullable="false" MaxLength="10" sap:unicode="false" sap:label="상태" sap:creatable="false" sap:updatable="false" sap:sortable="false" sap:filterable="false"/>
                <NavigationProperty Name="toProduct" Relationship="ZEC_SDG010_SRV.Asso_OrderItem_Product" FromRole="ToRole_Asso_OrderItem_Product" ToRole="FromRole_Asso_OrderItem_Product"/>
            </EntityType>
            <EntityType Name="Order_Name" sap:content-version="1">
                <Key>
                    <PropertyRef Name="Kunnr"/>
                </Key>
                <Property Name="Kunnr" Type="Edm.String" Nullable="false" MaxLength="10" sap:unicode="false" sap:label="고객코드" sap:creatable="false" sap:updatable="false" sap:sortable="false" sap:filterable="false"/>
                <Property Name="Name1" Type="Edm.String" Nullable="false" MaxLength="35" sap:unicode="false" sap:label="고객명" sap:creatable="false" sap:updatable="false" sap:sortable="false" sap:filterable="false"/>
                <Property Name="Custid" Type="Edm.String" Nullable="false" MaxLength="15" sap:unicode="false" sap:label="고객 ID" sap:creatable="false" sap:updatable="false" sap:sortable="false" sap:filterable="false"/>
            </EntityType>
            <Association Name="Asso_oder" sap:content-version="1">
                <End Type="ZEC_SDG010_SRV.Order" Multiplicity="1" Role="FromRole_Asso_oder"/>
                <End Type="ZEC_SDG010_SRV.Order_item" Multiplicity="*" Role="ToRole_Asso_oder"/>
                <ReferentialConstraint>
                    <Principal Role="FromRole_Asso_oder">
                        <PropertyRef Name="Vbeln"/>
                    </Principal>
                    <Dependent Role="ToRole_Asso_oder">
                        <PropertyRef Name="Vbeln"/>
                    </Dependent>
                </ReferentialConstraint>
            </Association>
            <Association Name="Asso_OrderItem_Product" sap:content-version="1">
                <End Type="ZEC_SDG010_SRV.Product" Multiplicity="1" Role="FromRole_Asso_OrderItem_Product"/>
                <End Type="ZEC_SDG010_SRV.Order_item" Multiplicity="*" Role="ToRole_Asso_OrderItem_Product"/>
                <ReferentialConstraint>
                    <Principal Role="FromRole_Asso_OrderItem_Product">
                        <PropertyRef Name="Matnr"/>
                    </Principal>
                    <Dependent Role="ToRole_Asso_OrderItem_Product">
                        <PropertyRef Name="Matnr"/>
                    </Dependent>
                </ReferentialConstraint>
            </Association>
            <Association Name="Asso_Order_Name" sap:content-version="1">
                <End Type="ZEC_SDG010_SRV.Order_Name" Multiplicity="1" Role="FromRole_Asso_Order_Name"/>
                <End Type="ZEC_SDG010_SRV.Order" Multiplicity="*" Role="ToRole_Asso_Order_Name"/>
                <ReferentialConstraint>
                    <Principal Role="FromRole_Asso_Order_Name">
                        <PropertyRef Name="Kunnr"/>
                    </Principal>
                    <Dependent Role="ToRole_Asso_Order_Name">
                        <PropertyRef Name="Kunnr"/>
                    </Dependent>
                </ReferentialConstraint>
            </Association>
            <EntityContainer Name="ZEC_SDG010_SRV_Entities" m:IsDefaultEntityContainer="true" sap:supported-formats="atom json xlsx">
                <EntitySet Name="ProductSet" EntityType="ZEC_SDG010_SRV.Product" sap:creatable="false" sap:updatable="false" sap:deletable="false" sap:pageable="false" sap:content-version="1"/>
                <EntitySet Name="OrderSet" EntityType="ZEC_SDG010_SRV.Order" sap:creatable="false" sap:updatable="false" sap:deletable="false" sap:pageable="false" sap:content-version="1"/>
                <EntitySet Name="Order_itemSet" EntityType="ZEC_SDG010_SRV.Order_item" sap:creatable="false" sap:updatable="false" sap:deletable="false" sap:pageable="false" sap:content-version="1"/>
                <EntitySet Name="Order_NameSet" EntityType="ZEC_SDG010_SRV.Order_Name" sap:creatable="false" sap:updatable="false" sap:deletable="false" sap:pageable="false" sap:content-version="1"/>
                <AssociationSet Name="Asso_OrderItem_ProductSet" Association="ZEC_SDG010_SRV.Asso_OrderItem_Product" sap:creatable="false" sap:updatable="false" sap:deletable="false" sap:content-version="1">
                    <End EntitySet="ProductSet" Role="FromRole_Asso_OrderItem_Product"/>
                    <End EntitySet="Order_itemSet" Role="ToRole_Asso_OrderItem_Product"/>
                </AssociationSet>
                <AssociationSet Name="Asso_oderSet" Association="ZEC_SDG010_SRV.Asso_oder" sap:creatable="false" sap:updatable="false" sap:deletable="false" sap:content-version="1">
                    <End EntitySet="OrderSet" Role="FromRole_Asso_oder"/>
                    <End EntitySet="Order_itemSet" Role="ToRole_Asso_oder"/>
                </AssociationSet>
                <AssociationSet Name="Asso_Order_NameSet" Association="ZEC_SDG010_SRV.Asso_Order_Name" sap:creatable="false" sap:updatable="false" sap:deletable="false" sap:content-version="1">
                    <End EntitySet="Order_NameSet" Role="FromRole_Asso_Order_Name"/>
                    <End EntitySet="OrderSet" Role="ToRole_Asso_Order_Name"/>
                </AssociationSet>
            </EntityContainer>
            <atom:link rel="self" href="http://210.16.199.140:8001/sap/opu/odata/sap/ZEC_SDG010_SRV/$metadata" xmlns:atom="http://www.w3.org/2005/Atom"/>
            <atom:link rel="latest-version" href="http://210.16.199.140:8001/sap/opu/odata/sap/ZEC_SDG010_SRV/$metadata" xmlns:atom="http://www.w3.org/2005/Atom"/>
        </Schema>
    </edmx:DataServices>
</edmx:Edmx>